<?xml version="1.0" encoding="UTF-8"?>
<rss version="2.0">
<channel>
	<title>Apple</title>
	<link>http://localhost/</link>
	<description>Bee</description>
	<language>en</language>
	<generator>http://p.horm.org/er</generator>
	<lastBuildDate>Wed, 07 Feb 2024 23:40:00 +0000</lastBuildDate>
	<managingEditor>myemail@mydomain.com</managingEditor>
	<item>
		<title>photo_2023-11-02_20-52-11</title>
		<link>http://localhost/?p=1</link>
		<guid isPermaLink="true">http://localhost/?p=1</guid>
		<description>
			<![CDATA[<img src="http://localhost/images/000001_nlwqe_9.jpg" alt="" />]]>
		</description>
		<pubDate>Wed, 07 Feb 2024 23:39:00 +0000</pubDate>
		<category>Default Category</category>
	</item>
</channel>
</rss>
